id,first_name,last_name,email
1,Dasya,Bondesen,dbondesen0@sbwire.com
2,Meredeth,Holhouse,mholhouse1@ustream.tv
3,Adelle,Malser,amalser2@google.cn
4,Nikki,Sidebotham,nsidebotham3@mail.ru
5,Ellsworth,Thistleton,ethistleton4@facebook.com
6,Sabrina,Pallant,spallant5@shinystat.com
7,Melany,Shrigley,mshrigley6@1und1.de
8,Maynord,Snarr,msnarr7@prlog.org
9,Laetitia,Billyard,lbillyard8@over-blog.com
10,Greg,Wherton,gwherton9@blogspot.com
11,Mart,Kenneford,mkenneforda@gravatar.com
12,Marcia,Muncaster,mmuncasterb@cnn.com
13,Bertram,Foynes,bfoynesc@hibu.com
14,Rodolphe,Ashelford,rashelfordd@go.com
15,Isador,Duignan,iduignane@webeden.co.uk
16,Ruprecht,Ortiga,rortigaf@mozilla.org
17,Bethanne,Oolahan,boolahang@oakley.com
18,Rebeca,Nuttey,rnutteyh@admin.ch
19,Vernice,Haggish,vhaggishi@nbcnews.com
20,Brandais,Scneider,bscneiderj@trellian.com
21,Olive,Shwalbe,oshwalbek@github.com
22,Gretel,Yaneev,gyaneevl@paginegialle.it
23,Cammy,MacCartan,cmaccartanm@xrea.com
24,Cathie,Chastan,cchastann@alibaba.com
25,Genvieve,Perham,gperhamo@soundcloud.com
26,Brody,Wemyss,bwemyssp@sun.com
27,Ramona,Ansteys,ransteysq@xing.com
28,Leonora,Botten,lbottenr@sciencedaily.com
29,Fleming,Tallowin,ftallowins@pagesperso-orange.fr
30,Donna,Boick,dboickt@istockphoto.com
31,Corinna,Dunseath,cdunseathu@indiegogo.com
32,Kathi,Langmuir,klangmuirv@eepurl.com
33,Stewart,Favel,sfavelw@mit.edu
34,Kelsey,Heaps,kheapsx@discovery.com
35,Dion,Birkenshaw,dbirkenshawy@salon.com
36,Lesley,Challice,lchallicez@hud.gov
37,Wilfrid,Lelande,wlelande10@vimeo.com
38,Kimberlyn,Billing,kbilling11@yelp.com
39,Kittie,Jillis,kjillis12@prweb.com
40,Ross,Le Bosse,rlebosse13@independent.co.uk
41,Jennette,Tyres,jtyres14@ucoz.com
42,Daune,Glassford,dglassford15@wikimedia.org
43,Claiborne,Golly,cgolly16@biblegateway.com
44,Portia,McCudden,pmccudden17@archive.org
45,Parke,Talkington,ptalkington18@forbes.com
46,Jaime,Kraut,jkraut19@google.co.jp
47,Nickolai,Seller,nseller1a@auda.org.au
48,Lea,Huish,lhuish1b@google.cn
49,Hillier,Cattel,hcattel1c@blogger.com
50,Morris,Eeles,meeles1d@eepurl.com
51,Adela,Poore,apoore1e@dailymail.co.uk
52,Irv,Reek,ireek1f@psu.edu
53,Carline,Adnet,cadnet1g@paypal.com
54,Faina,Peacham,fpeacham1h@photobucket.com
55,Gustave,Udy,gudy1i@wp.com
56,Anastassia,Casburn,acasburn1j@nytimes.com
57,Cindie,MacIlhagga,cmacilhagga1k@ca.gov
58,Kale,Gebb,kgebb1l@newsvine.com
59,Napoleon,Valero,nvalero1m@gnu.org
60,Gabriellia,Reams,greams1n@google.nl
61,Minnie,Etches,metches1o@imageshack.us
62,Kincaid,Rivelon,krivelon1p@skyrock.com
63,Anson,Jouhning,ajouhning1q@thetimes.co.uk
64,Haroun,Attryde,hattryde1r@intel.com
65,Kareem,Dinzey,kdinzey1s@senate.gov
66,Amalea,Blais,ablais1t@nsw.gov.au
67,Daveta,Kleinplatz,dkleinplatz1u@ustream.tv
68,Erin,McGeagh,emcgeagh1v@uol.com.br
69,Alfonso,Haken,ahaken1w@mediafire.com
70,Fern,Espinal,fespinal1x@sun.com
71,Horst,Maruszewski,hmaruszewski1y@salon.com
72,Doralynn,Knewstubb,dknewstubb1z@usnews.com
73,Geraldine,Pindred,gpindred20@yahoo.com
74,Delmor,Forde,dforde21@technorati.com
75,Jany,Ardling,jardling22@yolasite.com
76,Deena,Albert,dalbert23@cdc.gov
77,Bailie,Ricciardello,bricciardello24@dot.gov
78,Emera,Massey,emassey25@paypal.com
79,Selig,Drake,sdrake26@chronoengine.com
80,Abba,Kuzma,akuzma27@ifeng.com
81,Leticia,Monshall,lmonshall28@sourceforge.net
82,Casey,Aspy,caspy29@bravesites.com
83,Gretchen,Baum,gbaum2a@miibeian.gov.cn
84,Madlen,McQuorkell,mmcquorkell2b@vk.com
85,Curtis,Ridd,cridd2c@networkadvertising.org
86,Almira,Figurski,afigurski2d@examiner.com
87,Orel,Farncomb,ofarncomb2e@berkeley.edu
88,Ivette,Gatesman,igatesman2f@webs.com
89,Lurline,Roderigo,lroderigo2g@spotify.com
90,Phyllys,Rambadt,prambadt2h@archive.org
91,Pete,Boschmann,pboschmann2i@slashdot.org
92,Clemens,Cheng,ccheng2j@macromedia.com
93,Lin,Fey,lfey2k@usda.gov
94,Timmy,Jumont,tjumont2l@flickr.com
95,Stormi,Hannibal,shannibal2m@e-recht24.de
96,Dolli,Eccersley,deccersley2n@deviantart.com
97,Alonzo,Roony,aroony2o@microsoft.com
98,Christye,Petett,cpetett2p@usda.gov
99,Reggi,Crates,rcrates2q@businesswire.com
100,Nikkie,Croisdall,ncroisdall2r@printfriendly.com
101,Evanne,Allflatt,eallflatt2s@alexa.com
102,Iris,Winnard,iwinnard2t@de.vu
103,Mendie,Kobu,mkobu2u@last.fm
104,Bastian,Olorenshaw,bolorenshaw2v@wunderground.com
105,Norean,Debnam,ndebnam2w@bandcamp.com
106,Gabe,Braikenridge,gbraikenridge2x@cocolog-nifty.com
107,Manda,Spargo,mspargo2y@indiegogo.com
108,Babbie,Lindman,blindman2z@intel.com
109,Archibald,Martynov,amartynov30@bbc.co.uk
110,Claudie,Aynold,caynold31@homestead.com
111,Vikki,Glynn,vglynn32@ucoz.ru
112,Geri,Castri,gcastri33@wisc.edu
113,Juliane,Dummigan,jdummigan34@toplist.cz
114,Reilly,Zettler,rzettler35@wordpress.org
115,Rona,Gossington,rgossington36@simplemachines.org
116,Anselm,Ebhardt,aebhardt37@paginegialle.it
117,Alia,Crafter,acrafter38@g.co
118,Mischa,Hambers,mhambers39@rakuten.co.jp
119,Fancy,Parnall,fparnall3a@latimes.com
120,Sanders,Rendall,srendall3b@flickr.com
121,Delmar,Roalfe,droalfe3c@aboutads.info
122,Kip,Kitteman,kkitteman3d@ning.com
123,Penn,Onians,ponians3e@rediff.com
124,Jere,Clemett,jclemett3f@goo.gl
125,Kat,Pinsent,kpinsent3g@1und1.de
126,Wendy,Harflete,wharflete3h@dot.gov
127,Nikolai,Chmarny,nchmarny3i@dailymail.co.uk
128,Bald,Mitkov,bmitkov3j@unc.edu
129,Rana,Brims,rbrims3k@marketwatch.com
130,Katha,Gaskamp,kgaskamp3l@google.nl
131,Carmella,Bouts,cbouts3m@amazon.com
132,Alley,MacCrossan,amaccrossan3n@parallels.com
133,Sauveur,Isacsson,sisacsson3o@godaddy.com
134,Belva,Chatterton,bchatterton3p@chronoengine.com
135,Corilla,Pizzey,cpizzey3q@google.ca
136,Viva,Aslott,vaslott3r@irs.gov
137,Bert,Dundendale,bdundendale3s@spotify.com
138,Levin,Lockwood,llockwood3t@youku.com
139,Delphinia,Blakebrough,dblakebrough3u@oracle.com
140,Wilt,Cabbell,wcabbell3v@hao123.com
141,Alfie,Buswell,abuswell3w@amazonaws.com
142,Gloria,LaBastida,glabastida3x@accuweather.com
143,Corey,Streeter,cstreeter3y@mapquest.com
144,Arline,Burndred,aburndred3z@shop-pro.jp
145,Eleanore,Goodding,egoodding40@cyberchimps.com
146,Sayer,Gutsell,sgutsell41@chron.com
147,Carry,Stadding,cstadding42@columbia.edu
148,Manfred,Kneebone,mkneebone43@etsy.com
149,Tami,Marshal,tmarshal44@cnbc.com
150,Alberik,Speaks,aspeaks45@alexa.com
151,Bernadina,Benzies,bbenzies46@tinyurl.com
152,Lindsey,Ligoe,lligoe47@berkeley.edu
153,Corbie,Branscombe,cbranscombe48@wikispaces.com
154,Cornall,Van Salzberger,cvansalzberger49@ow.ly
155,Katti,Pavlata,kpavlata4a@weibo.com
156,Haily,Oxlade,hoxlade4b@disqus.com
157,Veronica,Bucknill,vbucknill4c@tripod.com
158,Rahal,Pammenter,rpammenter4d@scribd.com
159,Willamina,Lafayette,wlafayette4e@netlog.com
160,Conant,McPharlain,cmcpharlain4f@toplist.cz
161,Fania,Milington,fmilington4g@house.gov
162,Thacher,Pine,tpine4h@joomla.org
163,Ros,Spratt,rspratt4i@about.com
164,Irving,Strain,istrain4j@quantcast.com
165,Aundrea,Takis,atakis4k@sogou.com
166,Jecho,D'Aulby,jdaulby4l@google.com
167,Tabbie,Bosnell,tbosnell4m@hao123.com
168,Anna,Charlotte,acharlotte4n@list-manage.com
169,Donn,Rowth,drowth4o@huffingtonpost.com
170,Fina,Ligertwood,fligertwood4p@theguardian.com
171,Barnett,Dudbridge,bdudbridge4q@indiegogo.com
172,Nada,Endrici,nendrici4r@mozilla.com
173,Alvina,Sibray,asibray4s@paypal.com
174,Yvon,Courtman,ycourtman4t@google.de
175,Clem,Gress,cgress4u@cnbc.com
176,Myriam,Cardis,mcardis4v@ucoz.ru
177,See,Gallego,sgallego4w@senate.gov
178,Ilaire,Schreurs,ischreurs4x@wordpress.org
179,Deeanne,Dorricott,ddorricott4y@geocities.jp
180,Marla,Foreman,mforeman4z@hatena.ne.jp
181,Melita,Barnet,mbarnet50@washington.edu
182,Austin,Dewbury,adewbury51@biblegateway.com
183,Kendrick,Mowle,kmowle52@bravesites.com
184,Reggy,Jeary,rjeary53@icq.com
185,Base,McCoughan,bmccoughan54@noaa.gov
186,Barret,Serris,bserris55@hc360.com
187,Lidia,Kordas,lkordas56@barnesandnoble.com
188,Vincenz,Helstrom,vhelstrom57@macromedia.com
189,Agna,Craske,acraske58@ovh.net
190,Donaugh,Dinning,ddinning59@dedecms.com
191,Jacquetta,Walisiak,jwalisiak5a@homestead.com
192,Benoit,Lowbridge,blowbridge5b@acquirethisname.com
193,Zane,Salmons,zsalmons5c@phoca.cz
194,Edeline,Wealthall,ewealthall5d@google.co.jp
195,Chrissie,Densun,cdensun5e@bizjournals.com
196,Stillmann,Robic,srobic5f@usatoday.com
197,Jere,Bever,jbever5g@google.de
198,Marven,Maccree,mmaccree5h@github.com
199,Stefan,Bickerton,sbickerton5i@phpbb.com
200,Shir,Beddoes,sbeddoes5j@comcast.net
201,Minor,Donovan,mdonovan5k@google.com.br
202,Hatti,Limpertz,hlimpertz5l@parallels.com
203,Gerick,Jenny,gjenny5m@scientificamerican.com
204,Neil,Audas,naudas5n@bloglovin.com
205,Elsbeth,Dederick,edederick5o@newyorker.com
206,Beulah,Stanwix,bstanwix5p@prnewswire.com
207,Phil,Stag,pstag5q@jiathis.com
208,Engracia,Loble,eloble5r@google.com.br
209,Horatia,Goodin,hgoodin5s@so-net.ne.jp
210,Ludovico,Leafe,lleafe5t@discovery.com
211,Kimball,Haithwaite,khaithwaite5u@yelp.com
212,Gisella,Gogan,ggogan5v@parallels.com
213,Tarrah,Ingliss,tingliss5w@fc2.com
214,Lisbeth,Ashling,lashling5x@google.co.jp
215,Risa,Fawdry,rfawdry5y@ask.com
216,Pammy,Sieghard,psieghard5z@archive.org
217,Dorry,Hamshere,dhamshere60@globo.com
218,Jone,Attyeo,jattyeo61@icio.us
219,Demetri,Guttridge,dguttridge62@techcrunch.com
220,Kaine,Fort,kfort63@chronoengine.com
221,Gabbie,Sutheran,gsutheran64@google.ca
222,Parry,Bucher,pbucher65@deviantart.com
223,Nanette,Frosdick,nfrosdick66@netscape.com
224,Oliver,Bakey,obakey67@washingtonpost.com
225,Barbabas,Bannard,bbannard68@who.int
226,Wynne,Holt,wholt69@friendfeed.com
227,Carry,Grand,cgrand6a@1und1.de
228,Avery,Lansbury,alansbury6b@about.com
229,Cori,Acutt,cacutt6c@delicious.com
230,Leonie,Dytham,ldytham6d@facebook.com
231,Haven,M'cowis,hmcowis6e@kickstarter.com
232,Kellby,Josefson,kjosefson6f@ameblo.jp
233,Jerrie,Birkhead,jbirkhead6g@jalbum.net
234,Matthew,Simson,msimson6h@amazon.co.jp
235,Lyndell,Gerriets,lgerriets6i@google.de
236,Atalanta,Duchan,aduchan6j@disqus.com
237,Ikey,Sacase,isacase6k@wikimedia.org
238,Gradeigh,Weblin,gweblin6l@odnoklassniki.ru
239,Julina,Thay,jthay6m@hao123.com
240,Gypsy,Sneesby,gsneesby6n@usnews.com
241,Analise,Swinburn,aswinburn6o@quantcast.com
242,Carry,Bonde,cbonde6p@dropbox.com
243,Revkah,Draayer,rdraayer6q@flickr.com
244,Craggie,Whitsun,cwhitsun6r@bing.com
245,Dorothy,Thomason,dthomason6s@rediff.com
246,Rhianna,Charkham,rcharkham6t@wufoo.com
247,Jaquelyn,Storah,jstorah6u@cam.ac.uk
248,Hammad,Mackness,hmackness6v@mac.com
249,Charlton,Povey,cpovey6w@exblog.jp
250,Carmon,Redihough,credihough6x@unblog.fr
251,Gillian,Morgen,gmorgen6y@soundcloud.com
252,Andreana,Chapell,achapell6z@amazon.com
253,Kordula,Bentham3,kbentham70@phpbb.com
254,Trudey,Cobb,tcobb71@ftc.gov
255,Winfred,Preskett,wpreskett72@telegraph.co.uk
256,Larina,Casino,lcasino73@biblegateway.com
257,Bartholomew,Haggath,bhaggath74@reuters.com
258,Harald,Readman,hreadman75@chicagotribune.com
259,Port,Harman,pharman76@mlb.com
260,Waly,Daburn,wdaburn77@biglobe.ne.jp
261,Karoly,Maykin,kmaykin78@army.mil
262,Esme,Zmitruk,ezmitruk79@odnoklassniki.ru
263,Adolphe,Bedder,abedder7a@pcworld.com
264,Chandal,Yakobowitch,cyakobowitch7b@wordpress.com
265,Lazare,Freshwater,lfreshwater7c@weather.com
266,Maitilde,Bednall,mbednall7d@scribd.com
267,Hobart,Nani,hnani7e@businessweek.com
268,Lynnette,Buckles,lbuckles7f@oracle.com
269,Calida,Rosenfelder,crosenfelder7g@blinklist.com
270,Dynah,Lambert-Ciorwyn,dlambertciorwyn7h@phoca.cz
271,Elonore,Lamplough,elamplough7i@telegraph.co.uk
272,Hildy,Jeacocke,hjeacocke7j@china.com.cn
273,Elyssa,Ponte,eponte7k@geocities.com
274,Lion,Kornyakov,lkornyakov7l@360.cn
275,Bancroft,Ransom,bransom7m@yandex.ru
276,Ricoriki,Greedyer,rgreedyer7n@amazon.co.uk
277,Jean,Ishaki,jishaki7o@scientificamerican.com
278,Jill,Enders,jenders7p@nature.com
279,Claudette,Hardesty,chardesty7q@rakuten.co.jp
280,Riccardo,Trewin,rtrewin7r@comsenz.com
281,Stanton,Easum,seasum7s@blogger.com
282,Antonino,Shanks,ashanks7t@oaic.gov.au
283,Roxi,Marrett,rmarrett7u@cafepress.com
284,Marci,Pallesen,mpallesen7v@bluehost.com
285,Terrie,Gallafant,tgallafant7w@hibu.com
286,Jacinta,Simonett,jsimonett7x@discovery.com
287,Sari,Dumbell,sdumbell7y@technorati.com
288,Sabina,Ketteman,sketteman7z@linkedin.com
289,Rebbecca,Pinchen,rpinchen80@hhs.gov
290,Joletta,Lawrenceson,jlawrenceson81@narod.ru
291,Thia,Dallander,tdallander82@linkedin.com
292,Selena,Ferguson,sferguson83@cocolog-nifty.com
293,Anet,Lemonby,alemonby84@bloglovin.com
294,Brandie,Meldon,bmeldon85@tmall.com
295,Hillard,Clibbery,hclibbery86@goo.ne.jp
296,Emelda,Weth,eweth87@last.fm
297,Rudd,Shird,rshird88@altervista.org
298,Foster,Reynault,freynault89@japanpost.jp
299,Allen,Hairesnape,ahairesnape8a@blogtalkradio.com
300,Rochette,Brimson,rbrimson8b@slideshare.net
301,Alick,Darbey,adarbey8c@aboutads.info
302,Prudi,Dilleway,pdilleway8d@deliciousdays.com
303,Allene,Lammerich,alammerich8e@smugmug.com
304,Adrien,Haggard,ahaggard8f@yale.edu
305,Pennie,Eyree,peyree8g@ucoz.ru
306,Glenn,Anthes,ganthes8h@cpanel.net
307,Cecilla,Werrilow,cwerrilow8i@google.es
308,Libbi,Finkle,lfinkle8j@google.com.br
309,Mellisa,Jordan,mjordan8k@va.gov
310,Base,Doy,bdoy8l@loc.gov
311,Nealon,Crewdson,ncrewdson8m@hatena.ne.jp
312,Allys,Rolin,arolin8n@simplemachines.org
313,Clare,Klisch,cklisch8o@rediff.com
314,Charita,Scrimshire,cscrimshire8p@howstuffworks.com
315,Brenden,Pharoah,bpharoah8q@si.edu
316,Kennan,Dillaway,kdillaway8r@amazon.co.jp
317,Kliment,Colebeck,kcolebeck8s@ning.com
318,Hyacinthie,Wrought,hwrought8t@de.vu
319,Rustin,Dyet,rdyet8u@creativecommons.org
320,Athena,Harrigan,aharrigan8v@about.me
321,Arliene,Hesser,ahesser8w@nasa.gov
322,Doralynne,Olfert,dolfert8x@dion.ne.jp
323,Barbette,Grandham,bgrandham8y@uol.com.br
324,Laurene,McTrustrie,lmctrustrie8z@wikimedia.org
325,Jonathan,Booeln,jbooeln90@gov.uk
326,Althea,Laux,alaux91@cocolog-nifty.com
327,Margaretta,Waistell,mwaistell92@phoca.cz
328,Brittaney,Ovanesian,bovanesian93@istockphoto.com
329,Tabor,Gwillym,tgwillym94@google.ru
330,Jarrid,Verner,jverner95@webmd.com
331,Harwell,Hackelton,hhackelton96@printfriendly.com
332,Abelard,Roches,aroches97@webmd.com
333,Filmer,Jesse,fjesse98@hubpages.com
334,Udale,Ivel,uivel99@huffingtonpost.com
335,Anabelle,Iannazzi,aiannazzi9a@pcworld.com
336,Ronald,Snaddon,rsnaddon9b@storify.com
337,Trip,Coot,tcoot9c@sciencedirect.com
338,Marlo,Arnao,marnao9d@com.com
339,Harman,Schruyer,hschruyer9e@dedecms.com
340,Cort,Guillerman,cguillerman9f@bloomberg.com
341,Adena,Wilcinskis,awilcinskis9g@va.gov
342,Neall,Grosvener,ngrosvener9h@4shared.com
343,Chelsie,Scrymgeour,cscrymgeour9i@cpanel.net
344,Winnie,Tunnicliffe,wtunnicliffe9j@multiply.com
345,Sherrie,Fielders,sfielders9k@slashdot.org
346,Ludovico,Brandin,lbrandin9l@blogtalkradio.com
347,Estrellita,Atwool,eatwool9m@nydailynews.com
348,Kamila,Clougher,kclougher9n@github.io
349,Reinhold,O'Kielt,rokielt9o@people.com.cn
350,Willi,Bassford,wbassford9p@gov.uk
351,Gabriell,Kohler,gkohler9q@princeton.edu
352,Sallyanne,Ive,sive9r@cbc.ca
353,Minette,Thaxton,mthaxton9s@oaic.gov.au
354,Mayne,Dowrey,mdowrey9t@go.com
355,Wendy,Dinjes,wdinjes9u@archive.org
356,Corenda,Bowmer,cbowmer9v@accuweather.com
357,Ellen,Newdick,enewdick9w@sphinn.com
358,Anetta,Waddam,awaddam9x@zimbio.com
359,Daune,Sallier,dsallier9y@usda.gov
360,Giovanni,Taveriner,gtaveriner9z@ning.com
361,Emmott,Collyns,ecollynsa0@webnode.com
362,Bill,Popland,bpoplanda1@mapy.cz
363,Drew,Linne,dlinnea2@wordpress.org
364,Tristan,Quilleash,tquilleasha3@bigcartel.com
365,Feodora,Dofty,fdoftya4@behance.net
366,Alexandrina,McGrae,amcgraea5@sitemeter.com
367,Nanette,Dimelow,ndimelowa6@home.pl
368,Therine,Seedhouse,tseedhousea7@theatlantic.com
369,Teddie,Giacobbo,tgiacobboa8@parallels.com
370,Rouvin,Bitten,rbittena9@boston.com
371,Cam,Tetford,ctetfordaa@yellowpages.com
372,Byrom,Dene,bdeneab@japanpost.jp
373,Alex,Cleynman,acleynmanac@youtu.be
374,Gus,Gleadle,ggleadlead@cdbaby.com
375,Tamqrah,Beckers,tbeckersae@shareasale.com
376,Jeannine,Coulton,jcoultonaf@pinterest.com
377,Coralyn,Collopy,ccollopyag@typepad.com
378,Sheelah,Nolleth,snollethah@sakura.ne.jp
379,Eadmund,Kidstone,ekidstoneai@livejournal.com
380,Estele,Marioneau,emarioneauaj@abc.net.au
381,Odey,O'Lyhane,oolyhaneak@sogou.com
382,Luca,Yuryatin,lyuryatinal@networkadvertising.org
383,Rubia,Tupp,rtuppam@yolasite.com
384,Carlie,Yankeev,cyankeevan@youtu.be
385,Carmella,Danielsen,cdanielsenao@gravatar.com
386,Timmy,Edghinn,tedghinnap@paginegialle.it
387,Liv,Ratt,lrattaq@nytimes.com
388,Martin,Pellett,mpellettar@hc360.com
389,Brittan,Halewood,bhalewoodas@tripadvisor.com
390,Seumas,Smartman,ssmartmanat@usnews.com
391,Ricky,Wyrill,rwyrillau@is.gd
392,Pauly,Showalter,pshowalterav@gnu.org
393,Edvard,Vittel,evittelaw@nbcnews.com
394,Marline,O'Gaven,mogavenax@studiopress.com
395,Donovan,Hamsher,dhamsheray@bloglines.com
396,Nichols,Reeder,nreederaz@hostgator.com
397,Byran,Heck,bheckb0@ucoz.ru
398,Dodi,Ellicombe,dellicombeb1@flavors.me
399,Clayson,Ledgeway,cledgewayb2@prlog.org
400,Giacomo,Coombes,gcoombesb3@canalblog.com
401,Sella,Stadden,sstaddenb4@prweb.com
402,Shurlocke,Baytrop,sbaytropb5@squidoo.com
403,Jayme,Milesop,jmilesopb6@about.com
404,Levi,Marquot,lmarquotb7@seesaa.net
405,Francklin,Desantis,fdesantisb8@sitemeter.com
406,Curcio,Jaime,cjaimeb9@godaddy.com
407,Whitman,Nichols,wnicholsba@ifeng.com
408,Bucky,Branchet,bbranchetbb@ca.gov
409,Evelina,Mingasson,emingassonbc@eventbrite.com
410,Tobiah,Yushin,tyushinbd@fastcompany.com
411,Benjie,Joynes,bjoynesbe@1688.com
412,Angelo,Loch,alochbf@imageshack.us
413,Bone,Frushard,bfrushardbg@sciencedirect.com
414,Brianne,Curbishley,bcurbishleybh@hexun.com
415,Carlin,Worsley,cworsleybi@google.cn
416,Kippy,Tibbotts,ktibbottsbj@youku.com
417,Giacopo,Twatt,gtwattbk@cyberchimps.com
418,Maddalena,Darrigoe,mdarrigoebl@hibu.com
419,Bette,Dunsford,bdunsfordbm@networkadvertising.org
420,Yvette,Windham,ywindhambn@hc360.com
421,Pia,Scobie,pscobiebo@wiley.com
422,Gerick,Hullah,ghullahbp@usda.gov
423,Hali,Ashleigh,hashleighbq@mysql.com
424,Katalin,Sego,ksegobr@geocities.jp
425,Biddy,Cutchey,bcutcheybs@nymag.com
426,Rasla,Garvey,rgarveybt@china.com.cn
427,Cyrill,Hulance,chulancebu@ucsd.edu
428,Waverley,Di Maggio,wdimaggiobv@china.com.cn
429,Minny,Threader,mthreaderbw@vkontakte.ru
430,Doralin,Hammon,dhammonbx@dailymotion.com
431,Doe,McGahy,dmcgahyby@amazon.co.uk
432,Carlota,Schooling,cschoolingbz@t.co
433,Shae,Colkett,scolkettc0@mlb.com
434,Rriocard,McEniry,rmceniryc1@miitbeian.gov.cn
435,Rabbi,de Copeman,rdecopemanc2@sbwire.com
436,Esra,Harraway,eharrawayc3@indiatimes.com
437,Suzette,Brokenbrow,sbrokenbrowc4@symantec.com
438,Eimile,Speeks,espeeksc5@mtv.com
439,Hally,Rumford,hrumfordc6@hubpages.com
440,Godfry,Greer,ggreerc7@blinklist.com
441,Thibaut,MacElroy,tmacelroyc8@nature.com
442,Valaria,Soan,vsoanc9@goodreads.com
443,Lorry,Revening,lreveningca@sakura.ne.jp
444,Humbert,Kaplan,hkaplancb@wikispaces.com
445,Cleveland,Tomaselli,ctomasellicc@tumblr.com
446,Sansone,Gregoriou,sgregorioucd@mapy.cz
447,Elberta,Kose,ekosece@amazonaws.com
448,Juan,Batchellor,jbatchellorcf@nih.gov
449,Elianore,Zmitrichenko,ezmitrichenkocg@acquirethisname.com
450,Doralyn,Devonport,ddevonportch@i2i.jp
451,Gran,Reeken,greekenci@gmpg.org
452,Sibeal,Karolovsky,skarolovskycj@google.com.hk
453,Lionello,Riggs,lriggsck@bing.com
454,Antonin,O'Noland,aonolandcl@mayoclinic.com
455,Leroy,Valentinuzzi,lvalentinuzzicm@nih.gov
456,Kikelia,Mechell,kmechellcn@spiegel.de
457,Layton,Lott,llottco@flickr.com
458,Jacqui,Rapier,jrapiercp@who.int
459,Loella,Tomashov,ltomashovcq@tripod.com
460,Bevan,O'Sullivan,bosullivancr@archive.org
461,Stephan,Hargreave,shargreavecs@unesco.org
462,Cati,Richardet,crichardetct@wikispaces.com
463,Mame,Anger,mangercu@list-manage.com
464,Tuck,Tessier,ttessiercv@ehow.com
465,Heidie,Martina,hmartinacw@umich.edu
466,Jorey,Thow,jthowcx@yellowpages.com
467,Andree,Keatch,akeatchcy@bloglovin.com
468,Duky,Kenaway,dkenawaycz@businessweek.com
469,Ashley,Etches,aetchesd0@phpbb.com
470,Aurthur,Vandrill,avandrilld1@i2i.jp
471,Shina,Chaunce,schaunced2@umich.edu
472,Laurel,Frankling,lfranklingd3@admin.ch
473,Davida,Growden,dgrowdend4@mail.ru
474,Gabriell,Blasing,gblasingd5@imgur.com
475,Lanita,Tennewell,ltennewelld6@edublogs.org
476,Hyacinthe,Jewes,hjewesd7@flickr.com
477,Berkeley,Bon,bbond8@netscape.com
478,Euell,Dobbinson,edobbinsond9@github.com
479,Renate,Willgrass,rwillgrassda@pinterest.com
480,Munmro,Currom,mcurromdb@uol.com.br
481,Stanford,Shelliday,sshellidaydc@360.cn
482,Gonzales,Postlewhite,gpostlewhitedd@unesco.org
483,Brade,Maryott,bmaryottde@springer.com
484,Whittaker,Geard,wgearddf@weather.com
485,Winne,Kenny,wkennydg@cocolog-nifty.com
486,Maddalena,Ivashkov,mivashkovdh@sohu.com
487,Xena,Shatliff,xshatliffdi@pagesperso-orange.fr
488,Renae,Lippitt,rlippittdj@addthis.com
489,Leora,Castanyer,lcastanyerdk@dion.ne.jp
490,Garv,Shemmin,gshemmindl@army.mil
491,Aldous,Headly,aheadlydm@ameblo.jp
492,Joni,Skuce,jskucedn@desdev.cn
493,Sampson,Ribeiro,sribeirodo@liveinternet.ru
494,Gennie,Hunnaball,ghunnaballdp@zdnet.com
495,Oliviero,Crain,ocraindq@studiopress.com
496,Welbie,Rooney,wrooneydr@ezinearticles.com
497,Malvin,Prandin,mprandinds@g.co
498,Trixie,Ghelardoni,tghelardonidt@army.mil
499,Astrix,Benion,abeniondu@amazon.de
500,Madelle,Ryton,mrytondv@cbsnews.com
501,Katrine,Gaveltone,kgaveltonedw@over-blog.com
502,Isador,Schimoni,ischimonidx@blinklist.com
503,Salaidh,Pumphreys,spumphreysdy@nps.gov
504,Jennica,Pendle,jpendledz@yellowbook.com
505,Camel,Goane,cgoanee0@furl.net
506,Helen-elizabeth,Askin,haskine1@aboutads.info
507,Tybalt,Yerill,tyerille2@digg.com
508,Karly,Pedrol,kpedrole3@forbes.com
509,Hermione,McRobb,hmcrobbe4@ft.com
510,Sigrid,Mussett,smussette5@nba.com
511,Lona,Haggart,lhaggarte6@unesco.org
512,Hersh,Hatherell,hhatherelle7@dropbox.com
513,Lanny,Glasspoole,lglasspoolee8@nbcnews.com
514,Danni,Emons,demonse9@discovery.com
515,Marijo,Burgen,mburgenea@over-blog.com
516,Cly,Ormes,cormeseb@columbia.edu
517,Basilius,Francello,bfrancelloec@ask.com
518,Nixie,Longfut,nlongfuted@gnu.org
519,Dionne,Leuchars,dleucharsee@behance.net
520,Flss,Kelway,fkelwayef@wp.com
521,Clarine,Bott,cbotteg@sbwire.com
522,Rowena,Farra,rfarraeh@nsw.gov.au
523,Terry,Scutchings,tscutchingsei@youku.com
524,Salaidh,Kidby,skidbyej@sciencedaily.com
525,Crichton,Dunican,cdunicanek@springer.com
526,Kaela,Rispen,krispenel@spotify.com
527,Reggie,Feldbaum,rfeldbaumem@drupal.org
528,Laurie,Rowcastle,lrowcastleen@forbes.com
529,Shanta,Dransfield,sdransfieldeo@fda.gov
530,Rebe,Ovenell,rovenellep@psu.edu
531,Felicle,Tetla,ftetlaeq@twitpic.com
532,Gertruda,Filtness,gfiltnesser@hostgator.com
533,Thorin,Pesselt,tpesseltes@netlog.com
534,Gordon,Skill,gskillet@weather.com
535,Sada,Beefon,sbeefoneu@mapquest.com
536,Orelie,Paler,opalerev@yahoo.co.jp
537,Filberte,Jacqueminet,fjacqueminetew@omniture.com
538,Cybil,Polamontayne,cpolamontayneex@tamu.edu
539,Morlee,Mirando,mmirandoey@dedecms.com
540,Augie,Freeborne,afreeborneez@ftc.gov
541,Rosaline,Bertome,rbertomef0@shinystat.com
542,Nerty,Codron,ncodronf1@ftc.gov
543,Fergus,Presslee,fpressleef2@theguardian.com
544,Bear,Baselio,bbaseliof3@msu.edu
545,Lorenza,Gillooly,lgilloolyf4@sourceforge.net
546,Catherin,Saller,csallerf5@disqus.com
547,Marcelline,Balk,mbalkf6@twitter.com
548,Katy,Janko,kjankof7@artisteer.com
549,Tracy,Reddecliffe,treddecliffef8@ucla.edu
550,Minna,Brislawn,mbrislawnf9@nytimes.com
551,Devy,Kubatsch,dkubatschfa@goo.ne.jp
552,Sissie,Zorer,szorerfb@forbes.com
553,Dione,Tremeer,dtremeerfc@sina.com.cn
554,Delia,Herreros,dherrerosfd@devhub.com
555,Ave,Waltho,awalthofe@google.nl
556,Brinna,MacCleod,bmaccleodff@comcast.net
557,Stefano,Castana,scastanafg@boston.com
558,Westbrook,Hutchinges,whutchingesfh@sogou.com
559,Addy,McMorran,amcmorranfi@sun.com
560,Albie,Verick,averickfj@istockphoto.com
561,Isidor,Yo,iyofk@nymag.com
562,Ragnar,Tarquinio,rtarquiniofl@goo.gl
563,Lucila,Blanchet,lblanchetfm@infoseek.co.jp
564,Berky,Donativo,bdonativofn@php.net
565,Julina,Godfrey,jgodfreyfo@salon.com
566,Amby,Sykora,asykorafp@berkeley.edu
567,Kameko,Seamer,kseamerfq@jiathis.com
568,Brandice,Duckworth,bduckworthfr@cpanel.net
569,Penny,Gogarty,pgogartyfs@bizjournals.com
570,Marika,Howard - Gater,mhowardgaterft@hubpages.com
571,Patricio,Rounsefull,prounsefullfu@cloudflare.com
572,Frederic,Tombling,ftomblingfv@china.com.cn
573,Patricia,Spire,pspirefw@newsvine.com
574,Fran,Alcide,falcidefx@auda.org.au
575,Catie,Christoffersen,cchristoffersenfy@boston.com
576,Addia,Postlethwaite,apostlethwaitefz@umich.edu
577,Rhodie,Schoolcroft,rschoolcroftg0@rambler.ru
578,Karoly,Trahearn,ktrahearng1@disqus.com
579,Kyla,Monard,kmonardg2@hubpages.com
580,Odetta,Stocken,ostockeng3@networksolutions.com
581,Janeen,Farlowe,jfarloweg4@moonfruit.com
582,Freemon,Giordano,fgiordanog5@google.com.br
583,Cassey,Cunnington,ccunningtong6@t-online.de
584,Cecile,Boick,cboickg7@altervista.org
585,Giorgia,Kilmartin,gkilmarting8@geocities.jp
586,Elfrida,Buckell,ebuckellg9@diigo.com
587,Ced,Harsum,charsumga@rediff.com
588,Missy,Zielinski,mzielinskigb@nature.com
589,Tania,Barbosa,tbarbosagc@cdbaby.com
590,Bert,Edmed,bedmedgd@earthlink.net
591,Tiffani,Waring,twaringge@spiegel.de
592,Bee,Scare,bscaregf@sciencedaily.com
593,Brittan,VanBrugh,bvanbrughgg@google.nl
594,Rocky,Playdon,rplaydongh@vinaora.com
595,Mel,Withrington,mwithringtongi@fema.gov
596,Dulcie,Helin,dhelingj@acquirethisname.com
597,Boyce,Kendrew,bkendrewgk@theguardian.com
598,Darcey,Beedom,dbeedomgl@t.co
599,Mick,Yellowlea,myellowleagm@adobe.com
600,Katherine,Mariault,kmariaultgn@howstuffworks.com
601,Jordanna,Abbott,jabbottgo@phpbb.com
602,Alvie,Camplin,acamplingp@dot.gov
603,Ardene,Rosie,arosiegq@illinois.edu
604,Gayla,Stenners,gstennersgr@aol.com
605,Den,Denley,ddenleygs@symantec.com
606,Klara,Haslock(e),khaslockegt@wp.com
607,Meridel,Barbosa,mbarbosagu@topsy.com
608,Ryann,Dreschler,rdreschlergv@cmu.edu
609,Dalia,Francescoccio,dfrancescocciogw@narod.ru
610,Ewan,Pickle,epicklegx@accuweather.com
611,Vikki,Defont,vdefontgy@joomla.org
612,Jeffrey,Simko,jsimkogz@accuweather.com
613,Cecilia,Scrowson,cscrowsonh0@phpbb.com
614,Sigismondo,Setchfield,ssetchfieldh1@ucoz.ru
615,Bathsheba,Basten,bbastenh2@comsenz.com
616,Rayna,Lamble,rlambleh3@vinaora.com
617,Rana,Wathan,rwathanh4@toplist.cz
618,Newton,Duffer,ndufferh5@blogtalkradio.com
619,Dyann,O'Gavin,dogavinh6@miitbeian.gov.cn
620,Di,De Freyne,ddefreyneh7@angelfire.com
621,Yetta,Broadist,ybroadisth8@naver.com
622,Antoine,McCay,amccayh9@e-recht24.de
623,Jasmin,Lanchester,jlanchesterha@elegantthemes.com
624,Jacquelynn,Catonne,jcatonnehb@1und1.de
625,Aurelie,Craft,acrafthc@jugem.jp
626,Wendel,Swindon,wswindonhd@nih.gov
627,Lonnie,O'Hagirtie,lohagirtiehe@si.edu
628,Zacharias,Hirschmann,zhirschmannhf@tmall.com
629,Elroy,Aloshechkin,ealoshechkinhg@bbc.co.uk
630,Matthieu,Lethibridge,mlethibridgehh@nba.com
631,Mellisa,Cartledge,mcartledgehi@un.org
632,Sasha,Leaves,sleaveshj@jugem.jp
633,Violette,Hedney,vhedneyhk@sogou.com
634,Rozanne,Attril,rattrilhl@creativecommons.org
635,Mina,Spuffard,mspuffardhm@histats.com
636,Daisy,Makey,dmakeyhn@about.com
637,Gonzales,Pinson,gpinsonho@typepad.com
638,Jillian,Drinkhill,jdrinkhillhp@oracle.com
639,Kasey,Varfalameev,kvarfalameevhq@ucsd.edu
640,Prentiss,Oxnam,poxnamhr@bigcartel.com
641,Wood,Jozsef,wjozsefhs@reference.com
642,Kevyn,Karpinski,kkarpinskiht@youtube.com
643,Teador,Humbey,thumbeyhu@etsy.com
644,Caryn,Tayspell,ctayspellhv@cnn.com
645,Lynnet,Dorsey,ldorseyhw@chron.com
646,Clementius,Hydes,chydeshx@epa.gov
647,Siffre,Prenty,sprentyhy@baidu.com
648,Madelena,Hallowell,mhallowellhz@chron.com
649,Dalt,Croote,dcrootei0@hud.gov
650,Emmaline,McGoogan,emcgoogani1@msu.edu
651,Reidar,Scottrell,rscottrelli2@icq.com
652,Bird,Blois,bbloisi3@bizjournals.com
653,Arlyne,Dillaway,adillawayi4@umn.edu
654,Yvette,Eburah,yeburahi5@usatoday.com
655,Bald,Holdforth,bholdforthi6@comsenz.com
656,Illa,Rosin,irosini7@techcrunch.com
657,Idalia,Arpino,iarpinoi8@globo.com
658,Ruthann,Masding,rmasdingi9@purevolume.com
659,Gail,Prebble,gprebbleia@home.pl
660,Jena,Rollins,jrollinsib@phoca.cz
661,Ross,Grewar,rgrewaric@chicagotribune.com
662,Sly,Capponeer,scapponeerid@tripod.com
663,Kattie,Vernalls,kvernallsie@cmu.edu
664,Averyl,Johnes,ajohnesif@telegraph.co.uk
665,Brnaby,Edards,bedardsig@seattletimes.com
666,Ericha,Carrier,ecarrierih@sohu.com
667,Denney,Gallichan,dgallichanii@spiegel.de
668,Aindrea,Shoard,ashoardij@privacy.gov.au
669,Abbey,Bowart,abowartik@irs.gov
670,Maressa,Widger,mwidgeril@walmart.com
671,Earvin,Cicci,ecicciim@soundcloud.com
672,Cassandry,Lintot,clintotin@g.co
673,Eb,Gude,egudeio@cnet.com
674,Megan,MacPike,mmacpikeip@amazon.co.uk
675,Derry,Antonazzi,dantonazziiq@omniture.com
676,Barbaraanne,Barthrup,bbarthrupir@bigcartel.com
677,Donnie,Lockett,dlockettis@123-reg.co.uk
678,Bourke,Sargeaunt,bsargeauntit@amazon.de
679,Carney,Roles,crolesiu@bravesites.com
680,Wilfred,Wrate,wwrateiv@dropbox.com
681,Kelley,Salvin,ksalviniw@google.es
682,Rabi,Pearlman,rpearlmanix@nhs.uk
683,Naomi,Camilli,ncamilliiy@mtv.com
684,Perle,Tayloe,ptayloeiz@163.com
685,Lindsey,Odlin,lodlinj0@amazon.co.jp
686,Klara,Sexstone,ksexstonej1@so-net.ne.jp
687,Sheffield,Battman,sbattmanj2@skype.com
688,Buddy,Jeandillou,bjeandillouj3@bizjournals.com
689,Dylan,Peschmann,dpeschmannj4@yelp.com
690,Deanne,Jados,djadosj5@go.com
691,Roshelle,Mepham,rmephamj6@usatoday.com
692,Amabelle,Churly,achurlyj7@ebay.com
693,Alfreda,Wrist,awristj8@unicef.org
694,Sydel,Carcas,scarcasj9@newsvine.com
695,Sibylla,Melladew,smelladewja@theglobeandmail.com
696,Bail,Wakeham,bwakehamjb@weebly.com
697,Dasya,Lerwill,dlerwilljc@yelp.com
698,Gerty,Haley,ghaleyjd@printfriendly.com
699,Bailey,Spurr,bspurrje@loc.gov
700,Gaylor,Richley,grichleyjf@shareasale.com
701,Rachele,Restorick,rrestorickjg@desdev.cn
702,Cindy,Stolte,cstoltejh@theglobeandmail.com
703,Leeann,Maruszewski,lmaruszewskiji@yale.edu
704,Roshelle,McLeoid,rmcleoidjj@gravatar.com
705,Camille,Ansill,cansilljk@g.co
706,Melissa,Godsal,mgodsaljl@yale.edu
707,Christabel,Nestor,cnestorjm@canalblog.com
708,Corney,Makepeace,cmakepeacejn@nature.com
709,Katharyn,O'Keefe,kokeefejo@seattletimes.com
710,Tadeo,Hindmore,thindmorejp@privacy.gov.au
711,Nonnah,McGiven,nmcgivenjq@ftc.gov
712,Kissee,Paraman,kparamanjr@wikipedia.org
713,Maynard,Erratt,merrattjs@cocolog-nifty.com
714,Thatch,Kenealy,tkenealyjt@studiopress.com
715,Barny,Prettjohn,bprettjohnju@jigsy.com
716,Lester,Davis,ldavisjv@scribd.com
717,Barbey,Challicombe,bchallicombejw@clickbank.net
718,Heinrick,Blown,hblownjx@alexa.com
719,Mario,Pierro,mpierrojy@stumbleupon.com
720,Denney,Louedey,dlouedeyjz@ucoz.ru
721,Elfrieda,Uglow,euglowk0@nytimes.com
722,Jeramie,Bithell,jbithellk1@ucsd.edu
723,Ardene,Abramowitch,aabramowitchk2@prnewswire.com
724,Ephraim,Thwaite,ethwaitek3@arizona.edu
725,Danielle,Schoffel,dschoffelk4@google.com
726,Tyne,Loverock,tloverockk5@shutterfly.com
727,Lilly,McSorley,lmcsorleyk6@newyorker.com
728,Ciro,Scolding,cscoldingk7@jiathis.com
729,Ximenes,Phethean,xphetheank8@blogger.com
730,Paton,Halloran,phallorank9@tumblr.com
731,Patricia,Dohmer,pdohmerka@bloglines.com
732,Lowell,Harken,lharkenkb@sina.com.cn
733,Linnea,Loughan,lloughankc@amazon.co.jp
734,Sosanna,Giraux,sgirauxkd@ocn.ne.jp
735,Mureil,Butterfield,mbutterfieldke@thetimes.co.uk
736,Torry,Jozaitis,tjozaitiskf@miibeian.gov.cn
737,Chantal,Keyme,ckeymekg@tmall.com
738,Duffie,Cromack,dcromackkh@multiply.com
739,Joseph,Di Nisco,jdiniscoki@example.com
740,Verla,Boman,vbomankj@w3.org
741,James,Burdfield,jburdfieldkk@theguardian.com
742,Joellyn,Kleinfeld,jkleinfeldkl@home.pl
743,Obidiah,Arsnell,oarsnellkm@cargocollective.com
744,Petrina,Folomkin,pfolomkinkn@etsy.com
745,Hatty,Tulip,htulipko@phoca.cz
746,Anya,Sillis,asilliskp@ask.com
747,Blondell,O' Gara,bogarakq@whitehouse.gov
748,Sammy,Matchitt,smatchittkr@tamu.edu
749,Hali,Klaiser,hklaiserks@archive.org
750,Gifford,Goodale,ggoodalekt@de.vu
751,Jephthah,Postlewhite,jpostlewhiteku@shinystat.com
752,Wit,Peattie,wpeattiekv@yahoo.com
753,Eberto,Whatsize,ewhatsizekw@photobucket.com
754,Mirelle,Grisley,mgrisleykx@chicagotribune.com
755,Bill,Weyland,bweylandky@hubpages.com
756,Kassie,Cholmondeley,kcholmondeleykz@noaa.gov
757,Lazar,McPhelim,lmcpheliml0@sphinn.com
758,Willem,Flament,wflamentl1@gov.uk
759,Carlie,Verbrugge,cverbruggel2@paypal.com
760,Britni,Reape,breapel3@hc360.com
761,Krisha,Ibel,kibell4@washington.edu
762,Jeromy,Gebhardt,jgebhardtl5@cargocollective.com
763,Nanny,Doucette,ndoucettel6@elegantthemes.com
764,Benny,Blackman,bblackmanl7@squidoo.com
765,Odella,Gilkes,ogilkesl8@mashable.com
766,Alex,Beelby,abeelbyl9@ameblo.jp
767,Jewel,Woollends,jwoollendsla@tumblr.com
768,Twyla,Crosetti,tcrosettilb@ihg.com
769,Glad,Hagley,ghagleylc@wsj.com
770,Domenico,Rockcliff,drockcliffld@163.com
771,Hanny,Aitken,haitkenle@youku.com
772,Bertrando,Twitchings,btwitchingslf@vistaprint.com
773,Rania,Hitscher,rhitscherlg@chron.com
774,Romona,Elgie,relgielh@samsung.com
775,Sidonia,Witten,swittenli@weather.com
776,Casey,Speare,cspearelj@edublogs.org
777,Jean,Vallentin,jvallentinlk@virginia.edu
778,Alison,Valois,avaloisll@google.pl
779,Niki,Durtnall,ndurtnalllm@google.ca
780,Lanie,Pullan,lpullanln@imdb.com
781,Brook,Bath,bbathlo@t.co
782,Wilbur,Lowden,wlowdenlp@usa.gov
783,Eddy,Yeiles,eyeileslq@taobao.com
784,Emmi,Turneux,eturneuxlr@scientificamerican.com
785,Nikki,Sandland,nsandlandls@cbc.ca
786,Heddi,Capstaff,hcapstafflt@hibu.com
787,Lucinda,Vondrasek,lvondraseklu@360.cn
788,Barbabra,Ties,btieslv@opensource.org
789,Guendolen,Rosenauer,grosenauerlw@uol.com.br
790,Robby,Cosyns,rcosynslx@blogs.com
791,Renell,Rapson,rrapsonly@altervista.org
792,Daren,McSpirron,dmcspirronlz@auda.org.au
793,Dori,Blinco,dblincom0@soup.io
794,Pat,Orrett,porrettm1@etsy.com
795,Frayda,McKendry,fmckendrym2@thetimes.co.uk
796,Antonetta,Poulsen,apoulsenm3@sfgate.com
797,Stafford,Ragles,sraglesm4@phoca.cz
798,Roderich,Antonchik,rantonchikm5@bbb.org
799,Hertha,Caughtry,hcaughtrym6@foxnews.com
800,Cordell,Fitzgerald,cfitzgeraldm7@mlb.com
801,Alexei,Franiak,afraniakm8@digg.com
802,Laurena,Kingett,lkingettm9@miibeian.gov.cn
803,Edee,Koeppke,ekoeppkema@wikispaces.com
804,Stephannie,Huddles,shuddlesmb@dailymotion.com
805,Broddie,Dudderidge,bdudderidgemc@live.com
806,Silva,Jammes,sjammesmd@shareasale.com
807,Teador,Giraldo,tgiraldome@meetup.com
808,Kinsley,Muehle,kmuehlemf@goodreads.com
809,Chiquia,Haffenden,chaffendenmg@discovery.com
810,Dolley,Pay,dpaymh@wsj.com
811,Carny,O'Cannavan,cocannavanmi@icq.com
812,Aldo,Aubrun,aaubrunmj@liveinternet.ru
813,Arlan,Fitzackerley,afitzackerleymk@unesco.org
814,Hinze,Deason,hdeasonml@baidu.com
815,Rasla,Van Baaren,rvanbaarenmm@squarespace.com
816,Vonnie,Franchi,vfranchimn@furl.net
817,Liane,Haggata,lhaggatamo@ask.com
818,Xymenes,Muro,xmuromp@si.edu
819,Callida,Emmison,cemmisonmq@statcounter.com
820,Maighdiln,Ickovicz,mickoviczmr@behance.net
821,Aubrey,Dooland,adoolandms@cornell.edu
822,Clywd,Obray,cobraymt@hud.gov
823,Kermie,Tomovic,ktomovicmu@economist.com
824,Arliene,Pilmore,apilmoremv@bloglovin.com
825,Warden,Dine-Hart,wdinehartmw@go.com
826,Georgeanna,Stillert,gstillertmx@biblegateway.com
827,Jolyn,Bourgour,jbourgourmy@google.co.jp
828,Chico,Poppleton,cpoppletonmz@w3.org
829,Broderick,Benjamin,bbenjaminn0@google.es
830,Avril,Dadge,adadgen1@army.mil
831,Wayne,Wardel,wwardeln2@google.de
832,Goldie,Von Der Empten,gvonderemptenn3@epa.gov
833,Diego,Defrain,ddefrainn4@1und1.de
834,Timothee,Oakenford,toakenfordn5@sfgate.com
835,Winfield,Chastagnier,wchastagniern6@naver.com
836,Alyda,Coles,acolesn7@edublogs.org
837,Ariadne,Izkoveski,aizkoveskin8@last.fm
838,Kamila,Ramstead,kramsteadn9@blogger.com
839,Danny,Woodthorpe,dwoodthorpena@google.it
840,Hanan,Rame,hramenb@behance.net
841,Darby,Luff,dluffnc@cmu.edu
842,Vivianna,Ditchburn,vditchburnnd@xing.com
843,Aprilette,Grass,agrassne@over-blog.com
844,Donelle,Yakobovicz,dyakobovicznf@msn.com
845,Kevina,Woolrich,kwoolrichng@people.com.cn
846,Kathryn,Niven,knivennh@is.gd
847,Tommie,Scathard,tscathardni@bizjournals.com
848,Leonidas,Napper,lnappernj@mozilla.com
849,Dallas,Peasnone,dpeasnonenk@rediff.com
850,Staci,Redwall,sredwallnl@skyrock.com
851,Elita,Dimnage,edimnagenm@gizmodo.com
852,Cyrus,Kale,ckalenn@w3.org
853,Marlena,Greenly,mgreenlyno@example.com
854,Estel,Robelin,erobelinnp@prweb.com
855,Edwin,Waiton,ewaitonnq@bravesites.com
856,Boyce,Southeran,bsoutherannr@discovery.com
857,Magdalena,Crier,mcrierns@berkeley.edu
858,Suzanne,Frisel,sfriselnt@trellian.com
859,Hermon,Littlejohns,hlittlejohnsnu@youku.com
860,Simonette,Ambrosini,sambrosininv@mapquest.com
861,Ashli,Letcher,aletchernw@prnewswire.com
862,Greg,Ringwood,gringwoodnx@ebay.com
863,Lyndsay,McCarty,lmccartyny@sfgate.com
864,Noami,Owlner,nowlnernz@epa.gov
865,Barr,Dowe,bdoweo0@usatoday.com
866,Cindy,Auden,caudeno1@chicagotribune.com
867,Emylee,Campbell,ecampbello2@narod.ru
868,Abby,Thurling,athurlingo3@sourceforge.net
869,Sinclair,Kenan,skenano4@wp.com
870,Ginny,Duinbleton,gduinbletono5@army.mil
871,Jodee,Terzo,jterzoo6@ucoz.com
872,Rosina,Coleford,rcolefordo7@auda.org.au
873,Luther,Wiggin,lwiggino8@mayoclinic.com
874,Leonerd,Larner,llarnero9@youtube.com
875,Reagan,Nolda,rnoldaoa@noaa.gov
876,Sigfrid,Passey,spasseyob@ovh.net
877,Euphemia,Grishechkin,egrishechkinoc@wordpress.org
878,Ragnar,Slopier,rslopierod@cpanel.net
879,Jard,Suche,jsucheoe@bbc.co.uk
880,Kristine,Pougher,kpougherof@java.com
881,Zondra,Schneider,zschneiderog@utexas.edu
882,Teddi,Blaw,tblawoh@hc360.com
883,Port,Pighills,ppighillsoi@google.com.au
884,Travis,Malthus,tmalthusoj@homestead.com
885,Hunter,Auger,haugerok@about.com
886,Lucho,Killford,lkillfordol@seattletimes.com
887,Cliff,Burnsell,cburnsellom@wikispaces.com
888,Bone,Walesby,bwalesbyon@state.gov
889,Fionnula,Tellwright,ftellwrightoo@blogs.com
890,Levon,Banbrigge,lbanbriggeop@columbia.edu
891,Lissie,Aynold,laynoldoq@phpbb.com
892,Serge,Campkin,scampkinor@gnu.org
893,Sada,Epine,sepineos@squidoo.com
894,Purcell,Taggett,ptaggettot@upenn.edu
895,Shannon,Sirr,ssirrou@1und1.de
896,Bordie,Bridel,bbridelov@slideshare.net
897,Garnet,Hinksen,ghinksenow@paypal.com
898,Ofilia,Conyard,oconyardox@storify.com
899,Gusella,Megarry,gmegarryoy@sitemeter.com
900,Gina,Ferminger,gfermingeroz@tmall.com
901,Gran,Absalom,gabsalomp0@1und1.de
902,Darice,Russe,drussep1@meetup.com
903,Ricardo,Earwicker,rearwickerp2@twitpic.com
904,Nonnah,Cotty,ncottyp3@microsoft.com
905,Estevan,O'Neill,eoneillp4@stumbleupon.com
906,Lotti,Ubanks,lubanksp5@marketwatch.com
907,Brent,Phelp,bphelpp6@howstuffworks.com
908,Wallis,Pietrowicz,wpietrowiczp7@google.co.uk
909,Dorolisa,Kuhn,dkuhnp8@tripod.com
910,Tamra,Kiff,tkiffp9@cdc.gov
911,Lorena,MacVay,lmacvaypa@trellian.com
912,Cassaundra,Blindermann,cblindermannpb@alexa.com
913,Riccardo,Cosgrive,rcosgrivepc@deliciousdays.com
914,Whitney,Faraday,wfaradaypd@posterous.com
915,Codie,Stenett,cstenettpe@omniture.com
916,Cary,Elwell,celwellpf@wunderground.com
917,Amalee,Kalberer,akalbererpg@google.com.br
918,Carina,Darcey,cdarceyph@harvard.edu
919,Jocko,McWard,jmcwardpi@opera.com
920,Binni,Haliburn,bhaliburnpj@flickr.com
921,Sibel,McDermott-Row,smcdermottrowpk@usgs.gov
922,Ashly,Gange,agangepl@hc360.com
923,Jory,Mongin,jmonginpm@state.tx.us
924,Lemuel,Hanny,lhannypn@tuttocitta.it
925,Montgomery,Fowkes,mfowkespo@ucsd.edu
926,Eldridge,Calderhead,ecalderheadpp@bloglines.com
927,Perrine,Greenin,pgreeninpq@unesco.org
928,Malinde,Cussons,mcussonspr@wiley.com
929,Daisey,Brinklow,dbrinklowps@meetup.com
930,Melamie,Lydall,mlydallpt@cam.ac.uk
931,Renaldo,Newgrosh,rnewgroshpu@fastcompany.com
932,Janeczka,Danilovic,jdanilovicpv@nydailynews.com
933,Nicole,Garratt,ngarrattpw@soundcloud.com
934,Danna,McGeechan,dmcgeechanpx@bloglovin.com
935,Bryce,Hilland,bhillandpy@artisteer.com
936,Ogden,Slyford,oslyfordpz@facebook.com
937,Berkie,Oby,bobyq0@si.edu
938,Ferrell,Earl,fearlq1@youtube.com
939,Elnora,Boake,eboakeq2@utexas.edu
940,Merell,McNess,mmcnessq3@illinois.edu
941,Micah,Cains,mcainsq4@ibm.com
942,Vittorio,Healeas,vhealeasq5@lulu.com
943,Nolie,Tomasoni,ntomasoniq6@vkontakte.ru
944,Kevon,Mulvany,kmulvanyq7@cpanel.net
945,Arlena,Miller,amillerq8@ca.gov
946,Elberta,Poulglais,epoulglaisq9@mlb.com
947,Margo,Duffree,mduffreeqa@1688.com
948,Lona,Rizzillo,lrizzilloqb@cargocollective.com
949,Simone,Downing,sdowningqc@uiuc.edu
950,Valenka,Newbury,vnewburyqd@time.com
951,Blinnie,Vassano,bvassanoqe@rakuten.co.jp
952,Wallie,Emblow,wemblowqf@shinystat.com
953,Evelin,Bilofsky,ebilofskyqg@163.com
954,Suzi,Conlaund,sconlaundqh@360.cn
955,Ardenia,Eite,aeiteqi@paginegialle.it
956,Laina,Rosenboim,lrosenboimqj@google.nl
957,Gabrielle,Pellingar,gpellingarqk@4shared.com
958,Franky,Chadderton,fchaddertonql@xrea.com
959,Hillery,More,hmoreqm@cafepress.com
960,Ginnie,Maytum,gmaytumqn@4shared.com
961,Sosanna,Pattington,spattingtonqo@hud.gov
962,Hynda,Binestead,hbinesteadqp@desdev.cn
963,Merrily,Bould,mbouldqq@ucoz.ru
964,Codie,Calbaithe,ccalbaitheqr@ifeng.com
965,Leilah,Rickets,lricketsqs@soundcloud.com
966,Agustin,Tremelling,atremellingqt@google.ru
967,Fabe,Charlewood,fcharlewoodqu@tumblr.com
968,Dmitri,Edmund,dedmundqv@wsj.com
969,Bernetta,Baysting,bbaystingqw@chronoengine.com
970,Maddi,Giorgetti,mgiorgettiqx@clickbank.net
971,Irwin,Cockland,icocklandqy@wisc.edu
972,Janos,Osler,joslerqz@fda.gov
973,Jany,Howarth,jhowarthr0@ox.ac.uk
974,Horst,Durram,hdurramr1@auda.org.au
975,Agosto,Von Welldun,avonwelldunr2@plala.or.jp
976,Tadeas,Witheford,twithefordr3@taobao.com
977,Orson,Barrable,obarrabler4@eventbrite.com
978,Caesar,Mauchline,cmauchliner5@ustream.tv
979,Heida,Baggelley,hbaggelleyr6@unc.edu
980,Brion,Pratchett,bpratchettr7@shop-pro.jp
981,Zorana,Garric,zgarricr8@cafepress.com
982,Gustie,Bentjens,gbentjensr9@bing.com
983,Elonore,Schwieso,eschwiesora@soundcloud.com
984,Dom,Totman,dtotmanrb@redcross.org
985,Lane,Apdell,lapdellrc@yolasite.com
986,Hayward,Sidebotham,hsidebothamrd@craigslist.org
987,Niki,Wyeld,nwyeldre@gov.uk
988,Vally,Jaggs,vjaggsrf@wufoo.com
989,Tuesday,Bonhan,tbonhanrg@engadget.com
990,Lindsay,Sibbe,lsibberh@businessweek.com
991,Boony,Whinney,bwhinneyri@bbb.org
992,Denys,Wagg,dwaggrj@forbes.com
993,Antoinette,Bortoli,abortolirk@dailymail.co.uk
994,Corine,Otteridge,cotteridgerl@wordpress.org
995,Ammamaria,Blackaller,ablackallerrm@istockphoto.com
996,Leigha,Tellenbach,ltellenbachrn@dyndns.org
997,Chase,Hawkin,chawkinro@seattletimes.com
998,Philipa,Strainge,pstraingerp@jigsy.com
999,Ives,Tyres,ityresrq@lulu.com
1000,Nadean,Flowerden,nflowerdenrr@adobe.com
